Metropolitan/FMR Area Name,1-Unit,2-unit,3-unit,4-unit,studio rent,1 bdrm rent,2 bdrm rent,3 bdrm rent,4 bdrm rent,Cost of Living Index,Crime Index,Apparel and Services,Men's Apparel,Women's Apparel,Children's Apparel,Footwear,Watches & Jewelry,Apparel Products and Services (1),Computers and Hardware for Home Use,Portable Memory,Computer Software,Computer Accessories,Fees and Admissions,Membership Fees for Clubs (2),"Fees for Participant Sports, excl. Trips",Tickets to Theatre/Operas/Concerts,Tickets to Movies,Tickets to Parks or Museums,"Admission to Sporting Events, excl. Trips",Fees for Recreational Lessons,Dating Services,TV/Video/Audio,Cable and Satellite Television Services,Televisions,Satellite Dishes,"VCRs, Video Cameras, and DVD Players",Miscellaneous Video Equipment,Video Cassettes and DVDs,Video Game Hardware/Accessories,Video Game Software,Rental/Streaming/Downloaded Video,Installation of Televisions,Audio (3),Pets,Toys/Games/Crafts/Hobbies (4),Recreational Vehicles and Fees (5),Sports/Recreation/Exercise Equipment (6),Photo Equipment and Supplies (7),Reading (8),Food at Home,Bakery and Cereal Products,"Meats, Poultry, Fish, and Eggs",Dairy Products,Fruits and Vegetables,Snacks and Other Food at Home (10),Food Away from Home,Alcoholic Beverages,Value of Stocks/Bonds/Mutual Funds,Value of Credit Card Debt,Prescription Drugs,Mortgage Payment and Basics (11),Maintenance and Remodeling Services,Maintenance and Remodeling Materials (12),Telephones and Accessories,Child Care,Moving/Storage/Freight Express,Owners and Renters Insurance,Vehicle Insurance,Life/Other Insurance,Health Insurance,Personal Care Products (18),School Books and Supplies (19),Smoking Products,Gasoline and Motor Oil,Airline Fares,Lodging on Trips,Auto/Truck Rental on Trips
"Austin, TX",276400.0,353400.0,428200.0,531000.0,1059,1212,1434,1848,2207,106.6,37.19,122,124,119,127,122,117,114,124,120,127,122,118,118,119,114,132,123,114,117,113,116,111,128,132,121,113,131,132,136,133,122,125,110,124,101,121,127,113,118,117,117,116,118,119,123,118,110,115,107,109,107,106,114,126,134,108,123,108,112,121,127,116,121,119,114,121
"Boston, MA",456400.0,583800.0,707000.0,875600.0,1742,1924,2336,2906,3168,132.6,34.79,144,146,142,138,147,143,160,145,141,158,132,151,151,140,160,142,139,144,165,191,132,132,130,117,129,143,127,130,131,127,169,136,130,130,139,132,142,144,139,140,140,141,143,135,142,149,141,140,117,141,138,122,151,150,138,119,130,134,130,138,139,121,130,152,142,148
"Charlotte, NC",234750.0,300000.0,363750.0,450500.0,987,1010,1151,1518,1956,97.9,44.82,109,109,108,114,109,106,103,109,108,108,112,107,107,110,103,114,110,107,105,99,107,104,114,117,111,106,115,115,117,117,103,111,104,113,101,109,113,103,107,106,106,106,106,108,109,106,105,107,105,105,103,104,105,113,112,106,111,105,106,109,111,107,109,106,106,108
"Chicago, IL",249166.67,318666.67,386166.67,478333.33,1012,1122,1299,1649,1969,100.1,65.17,117,119,114,116,119,111,124,120,117,127,106,120,118,114,121,121,118,114,128,138,107,106,110,98,111,107,109,110,111,110,147,114,104,108,105,108,118,114,114,113,114,115,117,112,118,119,112,114,93,112,109,99,118,121,123,96,108,104,105,113,116,98,111,122,111,119
"Columbus, OH",209714.29,268285.71,324571.43,402142.86,717,827,1031,1298,1468,93.9,43.79,102,102,102,104,103,101,98,101,102,103,106,99,100,101,99,103,99,100,96,100,102,100,106,110,106,101,108,110,113,109,91,103,99,106,95,101,106,100,100,100,100,99,100,101,101,100,99,101,101,96,94,95,101,103,102,99,102,98,100,102,103,105,101,98,99,99
"Dallas, TX",254857.14,326285.71,394857.14,489142.86,1029,1134,1352,1746,2309,98.5,50.13,115,116,112,122,115,110,108,116,113,116,115,113,112,115,108,124,117,110,113,103,110,106,121,121,114,107,121,120,122,123,116,118,104,116,100,114,118,106,112,111,111,110,112,113,116,111,107,110,103,109,106,105,110,120,123,107,116,106,108,114,118,106,115,113,110,115
"Denver, CO",399000.0,510800.0,619000.0,766400.0,1179,1304,1605,2186,2486,112.1,44.19,125,127,123,128,125,121,122,127,122,129,126,126,126,127,123,133,126,123,127,120,119,116,128,129,123,120,130,127,131,131,132,127,114,125,111,123,130,121,121,121,121,121,122,122,125,124,122,121,111,119,117,112,123,131,132,113,124,116,117,124,127,114,122,126,122,127
"El Paso, TX",162000.0,207000.0,250000.0,310000.0,548,687,831,1174,1415,88.6,33.22,70,70,67,77,71,63,64,68,68,67,67,64,63,66,60,76,70,60,63,54,70,68,77,71,68,62,75,72,72,75,69,69,63,69,55,70,67,61,70,69,70,68,70,70,71,65,61,65,67,66,64,65,64,67,78,71,76,64,69,72,72,66,74,67,64,67
"Fort Worth, TX",233666.67,299000.0,361666.67,448333.33,901,1021,1242,1661,2077,100.2,43.09,104,104,102,110,104,100,96,104,103,102,106,102,100,105,97,111,106,100,100,88,103,100,111,112,107,99,112,110,112,112,100,107,98,108,94,105,106,98,102,102,102,101,102,104,104,100,99,101,100,100,98,100,101,106,109,103,107,100,101,105,107,101,106,101,100,103
"Houston, TX",217857.14,278571.43,337714.29,418142.86,908,983,1176,1576,2010,95.8,63.95,110,111,107,118,110,104,103,111,108,109,109,108,106,111,102,119,113,105,108,95,107,103,116,115,110,102,116,114,115,117,114,113,101,111,96,110,112,101,108,107,107,106,108,109,111,106,103,105,101,105,103,103,105,114,119,105,113,102,105,110,113,102,111,108,105,110
"Indianapolis, IN",192111.11,245555.56,297333.33,368222.22,678,781,946,1248,1455,90.2,56.85,99,98,98,102,99,97,93,96,99,96,103,96,96,99,95,100,97,98,93,93,99,97,103,108,104,97,104,105,107,105,85,100,96,104,95,99,102,96,97,97,97,96,96,98,98,96,97,98,100,96,93,95,99,100,97,99,99,98,98,99,99,101,98,95,97,96
"Jacksonville, FL",232250.0,297250.0,359750.0,445250.0,746,921,1113,1455,1852,99.0,17.65,98,98,98,100,98,96,95,98,98,97,102,96,96,100,94,101,98,97,93,91,99,98,103,104,101,97,104,102,105,104,93,100,96,101,92,98,100,96,98,97,97,97,97,99,98,96,97,98,99,95,95,96,95,98,101,99,101,97,99,99,99,101,99,96,97,98
"Los Angeles, CA",510000.0,652000.0,790000.0,979000.0,1369,1605,2058,2735,2982,140.6,48.89,115,119,113,115,118,108,125,122,118,131,100,119,117,111,121,122,120,111,130,141,104,102,106,91,108,100,105,108,108,106,162,113,101,105,101,106,117,113,113,112,113,115,117,110,118,119,110,112,85,110,106,95,116,121,128,88,105,99,100,111,117,93,110,123,108,119
"Nashville, TN",280700.0,359000.0,434900.0,539200.0,998,1031,1197,1539,1930,100.1,48.4,106,106,106,109,106,105,101,105,106,105,109,105,105,107,102,109,106,105,102,98,106,104,110,114,109,105,112,111,114,113,99,108,103,109,101,106,109,103,105,104,104,104,104,106,106,104,104,105,105,103,101,102,103,108,108,105,108,104,105,106,108,107,107,104,104,105
"New York, NY",534857.14,684714.29,829000.0,1026857.14,1760,1801,2053,2598,2784,128.0,47.35,133,136,125,131,141,139,160,126,130,146,114,127,128,110,139,125,120,109,143,257,117,118,114,104,108,116,109,126,120,108,130,114,110,115,109,120,127,126,127,129,129,129,131,122,129,131,110,120,96,109,104,94,146,131,118,93,114,110,111,124,126,114,111,130,114,127
"Oklahoma City, OK",167800.0,215000.0,260000.0,322000.0,705,738,918,1238,1488,87.3,49.93,92,91,91,94,92,90,87,90,92,91,95,89,89,91,88,93,90,90,84,84,93,91,97,101,97,90,98,99,101,99,81,93,90,96,87,92,94,90,91,90,91,90,90,92,91,89,89,91,94,88,86,88,91,91,93,92,94,90,92,92,93,96,93,88,89,89
"Philadelphia, PA",278600.0,356800.0,432000.0,535200.0,900,1040,1260,1567,1796,103.4,61.78,109,110,108,109,109,104,109,109,107,111,110,109,108,111,108,113,108,106,109,108,106,105,111,108,107,107,111,109,111,110,116,109,101,108,99,105,109,107,107,107,107,107,108,107,108,108,106,106,102,105,104,100,109,109,111,103,108,104,105,108,109,102,106,109,106,110
"Phoenix, AZ",255000.0,326000.0,395000.0,489000.0,933,1032,1251,1765,2010,104.3,51.93,103,105,101,107,102,97,98,105,102,103,107,102,100,108,97,112,106,98,99,86,102,99,109,109,103,98,111,106,109,110,114,106,96,105,89,104,105,99,102,101,101,101,102,103,104,100,100,100,99,99,99,98,100,102,111,100,106,97,101,104,106,96,104,103,100,105
"Portland, OR",383142.86,490285.71,593285.71,735142.86,1245,1331,1536,2193,2657,116.5,51.21,112,114,112,112,112,109,111,113,112,117,114,114,115,115,113,116,112,113,113,111,109,107,114,115,112,112,116,113,117,117,116,113,107,113,104,111,116,112,110,110,110,110,111,111,112,113,112,111,105,109,109,104,111,116,117,105,111,108,109,111,112,107,110,114,111,115
"San Antonio, TX",224200.0,286800.0,347400.0,430400.0,761,912,1114,1446,1793,92.7,48.89,91,92,90,97,92,87,85,91,90,90,92,88,87,91,84,97,92,86,86,78,91,89,98,97,92,86,98,95,96,98,91,93,86,93,81,92,92,86,91,90,91,89,91,92,92,88,86,88,89,88,87,88,86,91,98,91,96,87,90,93,94,89,94,89,88,90
"San Diego, CA",518000.0,663000.0,803000.0,994000.0,1478,1642,2124,2987,3677,136.2,36.74,123,126,122,123,124,118,126,128,123,133,118,127,126,124,126,131,126,122,132,128,116,113,121,115,119,115,121,120,123,123,152,124,113,118,111,118,127,121,121,120,120,121,123,120,125,125,121,121,104,119,118,109,121,129,134,106,119,112,114,121,125,107,120,129,120,128
"San Francisco, CA",664000.0,850000.0,1029000.0,1275000.0,2350,2923,3553,4567,4970,178.6,57.24,189,196,184,179,190,199,217,198,190,216,166,200,201,181,209,192,188,186,222,276,168,166,167,147,166,173,163,169,169,165,259,182,167,167,175,179,196,188,181,181,181,185,188,176,190,201,188,180,139,178,177,154,188,203,204,143,166,166,163,180,183,149,168,206,183,201
"San Jose, CA",665000.0,851000.0,1031000.0,1277000.0,2228,2558,3051,3984,4593,173.5,46.1,187,193,186,182,186,185,205,203,190,212,169,204,201,193,206,198,196,196,225,215,170,167,173,152,174,168,168,169,169,172,275,190,171,170,183,178,197,188,182,181,182,185,189,178,191,200,198,186,143,192,190,168,183,208,209,153,170,172,167,181,189,144,176,211,190,204
"Seattle, WA",477500.0,611500.0,740500.0,917500.0,1523,1599,1906,2694,3172,124.6,49.7,147,150,146,146,147,145,151,151,146,158,144,152,152,149,151,153,147,148,156,158,138,135,145,141,142,144,145,145,149,148,164,147,135,143,135,143,153,144,143,142,142,143,145,142,147,150,145,144,126,141,139,130,144,157,155,129,141,136,136,144,147,131,140,153,145,152
